,uuid,user_name,text_clean,mentions_name
566572,1060709368129130576, nyx ,Rowow post another yt vid,
566573,1060709417970045019, desperate enuf ,no such thing,['Rowow']
566574,1060709468507218031, towelie ,I FOUND A FREN,['1THC']
566575,1060709514405478400, The Sleazy Car Salesman ,Has the house finally elected a speaker or no ,
566576,1060709548710711358, Rowow ,I have one qued for monday,[' nyx']
566577,1060709597268156486, Ramsey The Cat ,What,['m4rt14n']
566578,1060709621897113600, I Can t Believe It s Not Butter ,meow,
566579,1060709640976994395, desperate enuf ,no,['The Sleazy Car Salesman']
566580,1060709665127792723, desperate enuf ,11th vote now,
566581,1060709680999051374, towelie ,Yeah Trump,['The Sleazy Car Salesman']
566582,1060709681175208037, desperate enuf ,going to 12th,
566583,1060709681426858016, nyx ,How long hmmnote ,['Rowow']
566584,1060709720257724436, The Sleazy Car Salesman ,how s the 11th ballot going ,
566585,1060709761030574200, towelie ,11 more closer to 166,['The Sleazy Car Salesman']
566586,1060709761236078622, Rowow ,15 minuites ,[' nyx']
566587,1060709766919368745, Rowow ,I forgot,
566588,1060709860368449649, Rowow ,sorry just 9 minuites ,[' nyx']
566589,1060709867280683118, coolbeans ,my gold is going to become useful ,
566590,1060709871948939354, Swolsby ,issa joke,['       ']
566591,1060709912684019812, Rowow ,gold is a scam,['coolbeans']
566592,1060709923618566274, NickJ ,rookie gotta get it over 10,['Rowow']
566593,1060709934876082266, Rowow ,no one is gonna trade in gold coins,
566594,1060709938017603736, Fuckboy ,yungin s balance is 1 001 317 WSBux,
566595,1060709943742828575, towelie ,Im not upvoting for the soul purpose of ruining a perfect number,
566596,1060709950852177990, towelie ,,
566597,1060709975309164574, Rowow ,everyone was bitching my videos were too long,['NickJ']
566598,1060709984964460624, Rowow , REEEE ,
566599,1060710025762455703, nyx ,You need 10min for monetization.,['Rowow']
566600,1060710034419486871, coolbeans ,it doesn t matter gold is a universal commodity,['Rowow']
566601,1060710038043377685, NickJ ,10 is ideal for monetization I believe,['Rowow']
566602,1060710059740512346, desperate enuf ,7 10 is the sweet spot for algo,['Rowow']
566603,1060710072499580969, Rowow ,I need 2000 watch hours for monetization brainlet ,
566604,1060710110701305946, xLucifer , ,
566605,1060710110973923348, Rowow ,and 100 subs,
566606,1060710135544168448, towelie , kekw ,
566607,1060710156675063909, NickJ ,we ll fix that right up,
566608,1060710157547479120, Rowow ,,
566609,1060710274291744768, RighteousandWrath22 ,So what you re saying is people here could play your videos over and over to help boost you ,['Rowow']
566610,1060710275654877324, nyx ,Wait so no matter views you need 100 subs ,
566611,1060710285578608801, Dashie ,I have a boner,
566612,1060710289202483280, towelie ,there was a sp eech too ,['xLucifer    ']
566613,1060710382420902029, mushu ,Google probably has algorithms that detect that,['RighteousandWrath22']
566614,1060710426230403193, towelie ,IM SO EXCITED,
566615,1060710432320536576, NickJ ,absolutely not lmao,['mushu']
566616,1060710435470442637, towelie ,LETS FUCKING GO,
566617,1060710462490161302, Rowow , pogU ,['RighteousandWrath22']
566618,1060710467057754112, RighteousandWrath22 ,Google is just like slushy. Big gay.,['mushu']
566619,1060710480408215572, mushu ,They did for adsense,['NickJ']
566620,1060710482446663761, Rowow ,technically yeah lol,
566621,1060710574545186816, nyx ,Someone is confused rn and must coope,
566622,1060710575853817916, Rowow ,but I need 3400 hours of watch time thats about 150 days lol,
566623,1060710596250710126, mushu ,I used to have a blog that I monetized,
566624,1060710619071926392, Swolsby ,zero votes womp womp womp,['xLucifer    ']
566625,1060710627292749925, desperate enuf ,trump proving he can lose at everything yet again,
566626,1060710636356653076, Lexxarrr ,Good night it was a nice evening thank you,
566627,1060710637187113130, Rowow ,any little bit helps thou,
566628,1060710704631513210, towelie ,,
566629,1060710708272185436, Rowow ,,['desperate enuf']
566630,1060710728614543371, Rowow ,bruh imagine trumpm winning,
566631,1060710743915384904, Rowow ,this is what we will have,
566632,1060710765264384000, Rowow ,hate him or love him itll be funny,
566633,1060710803512242328, xLucifer ,,['towelie']
566634,1060710809187131462, xLucifer ,Oh lol,
566635,1060710959125106758, .Weissest ,1 vote means he is 1,
566636,1060710971842252910, .Weissest ,Trump wins again,
566637,1060711001445634179, Lexxarrr ,I hope so,['.Weissest']
566638,1060711010417266688, Swolsby , LOL ,
566639,1060711051336896562, coolbeans ,damn it s almost like everyone hates McCarthy,
566640,1060711052016353441, desperate enuf ,,
566641,1060711062946713681, Swolsby ,i bet that fat fuck is gonna say this is rigged too,
566642,1060711067895992360, towelie ,Doesnt 0 present mean no votes have been counted,['desperate enuf']
566643,1060711072497147985, xLucifer ,Amazon To Boot Thousands Of US Workers CEO US e commerce giant Amazon will fire over 18 000 employees in the coming weeks CEO Andy Jassy said in a message to employees published on Amazon s website on Thursday. According to Jassy this difficult decision was made as part of planning for 2023 amid the uncertain economy and aims to help us pursue our long term opportunities with a stronger cost structure. We plan to eliminate just over 18 000 roles. Several teams are impacted however the majority of role eliminations are in our Amazon Stores and PXT organizations the message read. Jassy said the company will start notifying impacted employees of their layoffs on January 18. The firings will largely impact the company s e commerce and human resources divisions he added. Subscribe to RT,
566644,1060711084291534928, JohnnyBoy , xLucifer when you get mod back can you please ban towelie for being a digit alt ,"['towelie', 'xLucifer    ']"
566645,1060711086241890364, coolbeans ,Florida is based as fuck,
566646,1060711093590298634, Lexxarrr ,Inshallah habibi trump will win,
566647,1060711104826855537, coolbeans ,FLORIDA gigachad ,
566648,1060711112519204864, towelie ,What,['JohnnyBoy']
566649,1060711114243068015, mushu ,If trump wins palantir probably pumps,
566650,1060711140931420231, LevissimusRyan ,Nathaniel Banks PepeLaugh ,['desperate enuf']
566651,1060711164314652715, Rowow ,NO FUCK FLOIRDA,
566652,1060711172212535437, JohnnyBoy ,Digit alt,['towelie']
566653,1060711178021638275, Rowow ,FLORIDA SUCKS,
566654,1060711186993270805, Rowow ,STOP MOVING HERE,
566655,1060711198020096120, Rowow ,LEAVEEEEEEEEE,
566656,1060711219562041395, Lexxarrr ,Ok,
566657,1060711230555295785, Rowow ,IM BUILDING A FUCKIGN WALL,
566658,1060711248628555807, Rowow ,DIGGING A TRENCH,
566659,1060711253066137620, mushu ,That s why I ve never voted,['konakona']
566660,1060711254328610836, xLucifer ,Amazon getting rid of 18K workers damm,
566661,1060711275430162512, Rowow ,FLOAT OFF INTO THE ATLANTIC,
566662,1060711285525839923, nyx , Rowow so you keep your original voltage fence lower power or is that all translated amongst the entire system.,['Rowow']
566663,1060711290319933510, .Weissest ,Ron deports immigrants. What a Patriot.,
566664,1060711299471900722, Lexxarrr ,Ok do it,
566665,1060711304375062559, coolbeans ,it feels bad now that everyone has realized Floridians have been lying when we say it s the worst state,['Rowow']
566666,1060711329884811274, coolbeans ,it s over now,
566667,1060711330492993606, wildboarz ,I heard digit has 6 kids,
566668,1060711357198127124, Swolsby , ,['Rowow']
566669,1060711421404520528, towelie ,,['JohnnyBoy']
566670,1060711430061563988, Rowow , not sure what you mean I just keep it at max,[' nyx']
566671,1060711456347267122, coolbeans ,everyone realized Florida is the best state ever FeelsStrongMan ,
566672,1060711639642550372, towelie ,,
566673,1060711676149780561, NickJ ,im moving to florida to hangout with manatees,
566674,1060711678431465512, elrizzabeth ,Digit has kids ,
566675,1060711699235221664, wildboarz ,You ever grab an electrified fence just for fun,
566676,1060711752700018830, elrizzabeth , kekw ,
566677,1060711782349553805, wildboarz ,Makes you feel all sparkly,
566678,1060711798623449109, 6soup ,No but I grab things out of the oven barehanded,
566679,1060711819599151144, 1THC , lizzi ,
566680,1060711820119244830, NickJ ,all the time growing up,['wildboarz']
566681,1060711829057314918, LevissimusRyan ,Pissing over it is more fun,['wildboarz']
566682,1060711830894432306, Rowow ,come to fl to pet some piggied,
566683,1060711856118972446, .Weissest ,Did somebody claim the 1 vote for Trump,
566684,1060711901794938940, Swolsby ,matt gaetz,['.Weissest']
566685,1060711912767225986, towelie ,,['wildboarz']
566686,1060711916143644682, elrizzabeth ,I thought you died if you grabbed one,
566687,1060711919381647480, Rowow ,I havent been shocked by the electirc fence in a long time,
566688,1060711936804794379, Loocid36 ,I finally get a like on tinder and it s a dude. Not a transperson either but a dude named Pete.,
566689,1060711940353167370, Rowow ,I forgot what it feels like,
566690,1060711950000078949, LevissimusRyan ,It s in the name PepeLaugh ,['Swolsby']
566691,1060711956765487154, .Weissest ,What a chad move,['Swolsby']
566692,1060712013539573863, Swolsby ,bro hella gay,['Levissimus Ryan ']
566693,1060712033504481420, desperate enuf ,,['towelie']
566694,1060712033991012422, elrizzabeth ,I like that guy,['.Weissest']
566695,1060712039317770280, LevissimusRyan , xdd ,['Swolsby']
566696,1060712039359721482, Swolsby ,wasted vote,['.Weissest']
566697,1060712064127094904, Rowow ,he wants to be friends,['Loocid36']
566698,1060712075778871386, towelie ,i dont think you understand how it works kekw ,['desperate enuf']
566699,1060712076974235660, Rowow ,tinder isnt just to fuck,
566700,1060712115255656558, Swolsby ,these fucking idiots are just stalling moving on,
566701,1060712117159874662, LevissimusRyan ,Bro I m not even American and ur still behind like 15 years,['desperate enuf']
566702,1060712121215766529, mushu ,How can we help Trump ,['desperate enuf']
566703,1060712154921193522, Swolsby ,buy his nft,['mushu']
566704,1060712175854956615, Swolsby , PepeLaugh ,
566705,1060712188496597002, mushu ,Fuck that,['Swolsby']
566706,1060712208763461692, elrizzabeth ,I wanted too,
566707,1060712210839634010, desperate enuf ,just didn t feel like recapturing another screenshot,['Levissimus Ryan ']
566708,1060712219224055878, Rowow ,omfg I wanna see trump win so much,
566709,1060712226698305589, Rowow ,imagine the memes,
566710,1060712232448696341, Rowow , LMFAOO ,
566711,1060712243374870599, m4rt14n ,who voted for trump lol,
566712,1060712254384914493, elrizzabeth ,He s winning president not this,
566713,1060712281652068423, Rowow ,who isnt voting for trump,
566714,1060712293689733200, Rowow , REEEE ,
566715,1060712295380041850, .Weissest ,I d vote George Washington,
566716,1060712297405894706, LevissimusRyan ,gaetz,['m4rt14n']
566717,1060712325440622602, ChiefEagly ,so what you think about the royals drama ,
566718,1060712352242221077, NickJ ,if the GOP lets him run lol,['elrizzabeth']
566719,1060712353643118632, Swolsby , agonylmfaoo ,['elrizzabeth']
566720,1060712359632588991, towelie ,Jan 6th is tomorrow,['Rowow']
566721,1060712365424906421, mik ,what happened to the 2nd trump vote,
566722,1060712367362678784, ChiefEagly ,harry looking like a little bitch more and more every day.,
566723,1060712404033474730, nyx ,Upon recollecting I realized your aim. You have a set voltage but it has shorts within.,['Rowow']
566724,1060712442038075442, ChiefEagly ,and I don t even care he flew helicopters in afganistan.,
566725,1060712474082549830, towelie ,I SAW IT HAPPEN IT hammer and scorecard kekw ,['mik']
566726,1060712483041587320, LevissimusRyan ,probably accidentally went to jeffries xdd ,['mik']
566727,1060712486413795408, elrizzabeth ,I will not be bullied for my vote this is not Facebook.,
566728,1060712488582250526, Swolsby ,its rigged i cant wait for trump to rage about this shit lmao,['mik']
566729,1060712488603242646, Rowow ,LOL no way this isnt a coincidence,['towelie']
566730,1060712495272177815, coolbeans ,jan 6th ,
566731,1060712550154645575, Rowow , ,[' nyx']
566732,1060712552599920773, 1THC ,Im running for president in 2028,
566733,1060712562192306256, bubu ,Who voted for Trump ,
566734,1060712569465229312, Rowow ,are you a chat gpt bot,
566735,1060712574804566089, mik ,not like he s ever gonna win this shit but there were 2 votes for him,
566736,1060712586242441247, mik ,only 1 was logged,
566737,1060712593888641074, coolbeans ,this is the longest time in history that the house has not elected a speaker,
566738,1060712595272761465, LevissimusRyan ,gaetz,['      bubu']
566739,1060712606777745499, towelie ,An American,['      bubu']
566740,1060712617691336714, coolbeans ,and jan 6th is tomorrow gentlemen,
566741,1060712639128420412, bubu ,The pedophile ,
566742,1060712657184895016, Razvaluha ,chadgpt,['Rowow']
566743,1060712662356459560, desperate enuf , ,['coolbeans']
566744,1060712688369537154, towelie ,and Chat now is takin a turn,
566745,1060712696653283338, LevissimusRyan ,They all are doesn t clear it up much,['      bubu']
566746,1060712715456352449, ChiefEagly ,sir 1923 1855 thanks mik would like a 2 month word.,['coolbeans']
566747,1060712717968752671, elrizzabeth ,Where,['towelie']
566748,1060712735098277898, towelie ,down the po word lane,
566749,1060712763464351754, m4rt14n ,is that a reverse printer ,['desperate enuf']
566750,1060712789301272576, elrizzabeth ,Po ,['towelie']
566751,1060712791390027928, bubu ,Gaetz is like almost convicted tho,['Levissimus Ryan ']
566752,1060712795345272903, mik ,1855 ,['ChiefEagly']
566753,1060712839943303228, 6soup ,From Kung foo panda,['elrizzabeth']
566754,1060712878887419904, towelie ,We have hard evidence of hunter biden yet hes not even arrested,['      bubu']
566755,1060712908012658688, coolbeans ,we weren t even alive in 1923 kekw ,['ChiefEagly']
566756,1060712909241593866, nyx ,At this point I am doubting your knowledge.,['Rowow']
566757,1060712932704530472, elrizzabeth ,Thc what s hunter up too,
566758,1060712935200137257, bubu ,Are you defending him for being a pedo ,['towelie']
566759,1060712939105038426, coolbeans ,ok wow,
566760,1060712940472373278, nyx ,Maybe authenticity,
566761,1060712966682587167, Eclipsexl1 , towelie shows what power can do,['towelie']
566762,1060713001499504790, 1THC ,Probably smoking crack with Ukrainian hookers,['elrizzabeth']
566763,1060713005324701806, towelie ,No Im saying the elite suck ass even Joe Biden there is evidence of Ashleys diary,['      bubu']
566764,1060713028112359615, Eclipsexl1 ,You have evidence against someone else but your still in the Clear,
566765,1060713066146299904, elrizzabeth ,I heard Ukrainian women were pretty,['1THC']
566766,1060713074664935524, bubu ,That s called deflection.,['towelie']
566767,1060713100556386444, towelie ,no its called favortism,['      bubu']
566768,1060713156198027414, Eclipsexl1 , towelie true,['towelie']
566769,1060713203497181234, bubu ,So you are going to ignore the pedo because he s your favourate ,
566770,1060713230810493008, 6soup ,Who s Ashley,['towelie']
566771,1060713240960700518, elrizzabeth ,Who s a pedo dammit,
566772,1060713260623614073, elrizzabeth ,Joe ,
566773,1060713274980708372, Razvaluha ,towelie,['elrizzabeth']
566774,1060713276004110407, towelie ,no gaetz and biden should burn in hell if convicted,['      bubu']
566775,1060713280701747310, Rowow ,joe mamma,
566776,1060713292588384276, 1THC ,Matt Gaetz,['elrizzabeth']
566777,1060713304395366430, towelie ,Joes grandaughter,['6soup']
566778,1060713339963064390, Swolsby ,yea man just like trump being epstein and jizzles friend im just saying bro fuck all of them,['towelie']
566779,1060713341598830593, elrizzabeth ,Stfu you fucking dumbass bitch boy,['  Razvaluha  ']
566780,1060713345679888404, 6soup ,What s the diary about,['towelie']
566781,1060713347303084032, bubu ,Gaetz. The person who voted for Trump for speaker. Is an actually full on pedo,['elrizzabeth']
566782,1060713361567920258, LevissimusRyan ,Everyone in the US house senate,['elrizzabeth']
566783,1060713389317427300, Rowow , weirdkekw ,
566784,1060713392509304893, elrizzabeth ,Ohhh ic,['1THC']
566785,1060713402609184768, towelie ,dont you have a egirls dildo to take out of your ass simp bitch,['  Razvaluha  ']
566786,1060713407080317109, Pusherman , feelsgreeman ,
566787,1060713407961116682, Razvaluha ,purple penis eater,['elrizzabeth']
566788,1060713417641574481, Swolsby ,dude loves em young,['      bubu']
566789,1060713427800170587, towelie ,go read it,['6soup']
566790,1060713465150447646, elrizzabeth ,Fucking f g,['  Razvaluha  ']
566791,1060713468774318180, Razvaluha ,i would but you never returned it,['towelie']
566792,1060713485983547463, Swolsby ,man i havent played dmz in over 3 weeks,['Pusherman']
566793,1060713526274035804, towelie ,horriable comeback 2 10,['  Razvaluha  ']
566794,1060713552891084882, Pusherman ,i just started playing it fr last night and I love it now,['Swolsby']
566795,1060713571530592416, Pusherman ,I hated it at launch,
566796,1060713600253173780, Pusherman ,shit was too hard and I was always too nervous,
566797,1060713617571446794, Pusherman ,but now this shit is super fun,
566798,1060713625049911338, Swolsby ,its fucking great just sucks when you go in with random people,['Pusherman']
566799,1060713644138168330, towelie ,,
566800,1060713689294061568, Pusherman ,Ive just been running solo,['Swolsby']
566801,1060713697447784458, towelie ,the dmz shit with building and unlocking items kinda meh,['Swolsby']
566802,1060713708306833428, bubu ,Towelie just had to go Yes he s a pedo and he shouldn t be in office but instead But hunters laptop ,
566803,1060713760387497984, elrizzabeth ,Bubu you aren t American,['      bubu']
566804,1060713775575089233, Pusherman ,I did encounter a squad of 3 at spawn that round but I told them I was friendly and they could have the Gas Station lmao,
566805,1060713777416372264, towelie ,no i m evening the playing fields also you re not even an american,['      bubu']
566806,1060713786442518588, .Weissest ,The Representative West from Illinois will be recognized for 5 minutes,
566807,1060713828331044974, nyx , hmmnote ,
566808,1060713849428377670, elrizzabeth , ,
566809,1060713862384582767, Swolsby ,if you go in with a rush mentality like mw2 games yea you ll get smoked i go in solo for small missions but teams help so much for clutch missions,['Pusherman']
566810,1060713875122688030, bubu ,Are you defending a pedo ,['elrizzabeth']
566811,1060713878486528071, Loocid36 ,DC should become its own country and the rest of America can be its own country problem solved ayyyy,
566812,1060713882127171694, wildboarz ,Biden crime family,
566813,1060713896123572274, towelie ,,['elrizzabeth']
566814,1060713921134219305, towelie ,why are you obessed with talking about pedos,['      bubu']
566815,1060713933008277615, elrizzabeth ,I m defending towelie,['      bubu']
566816,1060713950758567977, Swolsby ,i just like killing mfers with my 50 cal lol,['towelie']
566817,1060713952180437082, Pusherman ,Ive started using a suppressed sniper as my insured gun and its helping out a ton,['Swolsby']
566818,1060713958341890078, towelie ,i mean i know your a sex toy guy,
566819,1060713966684356748, towelie ,but man come on,
566820,1060713971004481630, towelie ,give it up,
566821,1060713980512981084, towelie ,its cringe as fuck,
566822,1060714044836823060, Swolsby ,yeah i usually do that clear out the location before i move in,['Pusherman']
566823,1060714051455426561, Razvaluha ,go brag about fake tit pics,
566824,1060714067905495172, 1THC ,I love doing this in real life,['Swolsby']
566825,1060714076910665728, bubu ,Because you are deflecting and making it sound like a good thing he voted for Trump. It s a very big L,
566826,1060714084653342810, elrizzabeth ,Towelie doesn t need defending I just do it cause I like trump,
566827,1060714109596868638, Swolsby , pepeyoinks ,['1THC']
566828,1060714162151501984, bubu ,Yes. Trump doesn t need a pedo s support. It s not difficult to understand,
566829,1060714163124568094, 1THC , Trump2024 trumpsalute ,['elrizzabeth']
566830,1060714177607520347, Pusherman ,if you do a run where you dont have anything at all then just beeline it for those ammo depots. they usually have some good gear for you to snag,['Swolsby']
566831,1060714181223010394, towelie ,so over trump your willing to talk about pedos non stop now think about what you re saying dude its cringe,['      bubu']
566832,1060714185346011196, elrizzabeth ,Hidin w biden,
566833,1060714268477104149, 1THC ,I m going to sell my wife to Hunter Biden,
566834,1060714274978267206, towelie ,imagine a non american hating trump so much that hes wanting to argue over stupid shit,
566835,1060714279927562280, bubu ,It s not cringe to hate pedo s Towelie...,['towelie']
566836,1060714292367859831, Swolsby ,throwing knife and ko AI for their loot works too,['Pusherman']
566837,1060714314526371840, Swolsby ,like the guards that move,
566838,1060714314606063686, towelie ,its cringe to still be talking about it,
566839,1060714346696675438, Razvaluha ,i bet towelie hasnt seen my boobs,
566840,1060714375859675146, bubu ,I don t hate trump. I hate Gaetz. You are coping,
566841,1060714379684872274, elrizzabeth ,It s digit,
566842,1060714382549594213, desperate enuf , ,['towelie']
566843,1060714398756388977, Pusherman ,Yea I tried that strategy some as well,['Swolsby']
566844,1060714432889639042, Finalwoes ,jj,
566845,1060714441890603198, Pusherman ,I ve been running the recon drone,
566846,1060714448572129411, towelie ,theres no coping just drop the pedo shit,['      bubu']
566847,1060714572304089118, towelie ,literally anything else.,
566848,1060714603228709025, bubu ,Gross Towelie. 1 respect.,
566849,1060714609708896428, rist ,FR can Trump be elected Speaker of the House ,
566850,1060714626456760320, bubu ,No,
566851,1060714651920384021, wildboarz ,Yes,
566852,1060714653090582609, bubu ,He wasted his vote for no reason,
566853,1060714656555077674, Swolsby ,just wish they would expand the 30min timer to infinite fucking hate rushing to a exit and there are like other people fighting over it,
566854,1060714676083765368, towelie ,Yes,['rist']
566855,1060714697072054313, elrizzabeth ,He said yes so I believe yes,
566856,1060714740181123142, towelie ,and Yes he can still run for president in 2024,
566857,1060714760292794408, LevissimusRyan ,Look at all those old disgusting rat bastards you lot voted into the house and are paying taxes for their salaries God the USA is retarded xdd ,
566858,1060714781880881222, towelie ,lol,
566859,1060714788432400484, Swolsby ,wasted vote just hindering republicans to take over the house,
566860,1060714799182385282, elrizzabeth , ,['towelie']
566861,1060714812637716570, Razvaluha ,trump will be three term president,
566862,1060714815196242090, towelie ,it was worth dumping all that tea tho,['Levissimus Ryan ']
566863,1060714857042812988, Swolsby ,they won the house and they still dont have control over it,
566864,1060714871970349116, LevissimusRyan , xdd ,['towelie']
566865,1060714876282077204, Swolsby ,since they cant choose on a speaker,
566866,1060714903951913040, bubu ,8th vote now ,
566867,1060714918938157137, LevissimusRyan ,11th,['      bubu']
566868,1060714930447331398, towelie ,did you ever really trhink anyone in congress was for the people ,['Swolsby']
566869,1060714934725529642, Swolsby ,matt gaetz and lauren knobit are fucking stupid,
566870,1060714939175673946, bubu ,wtf,['Levissimus Ryan ']
566871,1060714941453181049, ChiefEagly ,but the dude who send the angry armed delusional crowd which he created strait at the capital still free clapping ass eating steak on the beach.,['towelie']
566872,1060714971031408640, coolbeans , ,
566873,1060715033295863879, towelie ,what. lmao... its been proven it was antifa and jaydenx behind it,['ChiefEagly']
566874,1060715039683788800, Swolsby ,naw but they are just being stupid for not taking over the house and shutting down investigations to suck on trumps nuts,['towelie']
566875,1060715046398853300, bubu ,Wasn t it like 100 years ago that they even failed 2 votes ,
566876,1060715052371542149, towelie , armed ,
566877,1060715064501485598, coolbeans ,how many more attempts TrollDespair ,
566878,1060715111960027257, Swolsby ,till they can decide,['coolbeans']
566879,1060715117722992691, bubu ,This is setting up for the worst goverment ever,
566880,1060715119811764244, LevissimusRyan ,123 we need a new record,['coolbeans']
566881,1060715167131910215, Razvaluha , violent ,['towelie']
566882,1060715182504034344, wildboarz , ,
566883,1060715224707113101, towelie , peaceful protests ,['  Razvaluha  ']
566884,1060715242172203008, bubu ,Terrible president. Lame duck. Terrible congress. Fractured house.,
566885,1060715259553402890, Razvaluha , insurrection ,['towelie']
566886,1060715285369323540, RighteousandWrath22 ,A house divided.,
566887,1060715299680305172, ChiefEagly , tail gate party ,
566888,1060715307288768632, coolbeans ,bro..... i will be the speaker,
566889,1060715320144302150, coolbeans , coolpepe ,
566890,1060715331976446092, bubu ,Next 4 years are going to be dull bickering in goverment,
566891,1060715335549976698, ChiefEagly , electoral celebration ,
566892,1060715338251124786, LevissimusRyan ,Just the way I like to see it xdd ,['RighteousandWrath22']
566893,1060715342235697282, Swolsby ,my vote for coolbeans,
566894,1060715355368083506, towelie , on going blm protests burning down cities due to racist assholes like your bitch ass ,['  Razvaluha  ']
566895,1060715361789546536, towelie ,are we done yet,
566896,1060715362104119446, coolbeans , ahem Speaker Coolbeans,
566897,1060715382475870218, Swolsby ,okay,
566898,1060715414943977553, Swolsby ,His majesty speaker coolbeans,
566899,1060715449089806376, 1THC ,I WILL SLAP ALL OF YOU WITH A SLICE OF MY PIZZA,
566900,1060715502722351154, LevissimusRyan ,There s shit on it,
566901,1060715523891007658, RighteousandWrath22 ,DO IT. THAT SLICE WILL BE GONE AS I UNHINGE MY JAW,['1THC']
566902,1060715528848678982, coolbeans ,its like being a troll during roll call when your in class,
566903,1060715543402913973, elrizzabeth ,Is that chicken,['1THC']
566904,1060715554954039306, Razvaluha ,beta,['towelie']
566905,1060715589791920148, Rowow ,please ill keep my mouth open,['1THC']
566906,1060715594502111272, mushu , ,['Levissimus Ryan ']
566907,1060715612004958258, elrizzabeth ,Shut up rasbusha,
566908,1060715625879715991, .Weissest ,Jan 6th wasn t even an insurrection. An insurrection would have included guns and open warfare against law agencies.,
566909,1060715631600746496, towelie ,,['  Razvaluha  ']
566910,1060715631621701653, rist ,okay boys,['wildboarz']
566911,1060715653054603294, rist ,who wnats to run for speaker of the house,
566912,1060715677368987750, rist ,lets put forth our candidate,
566913,1060715680317591702, elrizzabeth ,Me,
566914,1060715686047006740, Razvaluha ,no they dont,['towelie']
566915,1060715694070694000, Rowow , ,
566916,1060715700664152114, coolbeans ,thatll happ tomorrow for sure,['.Weissest']
566917,1060715714425651280, LevissimusRyan ,I ll do it xdd ,['rist']
566918,1060715715327426570, 6soup ,I vote rowow,
566919,1060715732041744514, 6soup , trumpsalute ,
566920,1060715740983984212, rist ,women can t be speaker silly girl,['elrizzabeth']
566921,1060715744372989953, towelie ,When the police welcome you in and hold the door for you...,['.Weissest']
566922,1060715745773883423, coolbeans ,oh shit,
566923,1060715747917189121, 1THC ,I VOTE LIZ lizzi ,['rist']
566924,1060715761477369856, Razvaluha ,DO IT,['Levissimus Ryan ']
566925,1060715764706967552, mushu ,ok rowow,
566926,1060715778833399808, Rowow ,I think I can get more votes than trump for speaker of the house,
566927,1060715779156361337, coolbeans ,LMAO THEY ARE PISSED,
566928,1060715780427235428, mushu ,how do we get you in there ,
566929,1060715796101337218, elrizzabeth ,Silly I m a girl,['1THC']
566930,1060715803323936820, towelie ,racist,['  Razvaluha  ']
566931,1060715809418260490, Rowow , thinkass ,
566932,1060715830255550485, Razvaluha ,dumbass,['towelie']
566933,1060715833678114837, elrizzabeth , kekw ,
566934,1060715842200936539, rist ,Pelosi was a harpy,
566935,1060715850300137654, coolbeans ,are yall seeing this live stream they are pissed who did not answer the first part of the roll madge ,
566936,1060715851457765406, mushu ,No not in there,
566937,1060715856583209010, Rowow ,whats the steps to get on the speaker of the house vote,
566938,1060715865865195591, ChiefEagly , critical race theory and systemic institutionalized racism since the countries founding ,
566939,1060715889399431288, mushu ,In the house,
566940,1060715923343953972, coolbeans ,she said fuck,
566941,1060715923838861373, towelie ,,['  Razvaluha  ']
566942,1060715945619890296, elrizzabeth ,Where s Kanye,
566943,1060715984446574612, 1THC ,Mental ward sadge ,['elrizzabeth']
566944,1060716017992597574, elrizzabeth ,He s alive,
566945,1060716018768556073, 6soup ,Confirmed ,['1THC']
566946,1060716064062836826, Razvaluha , when the looting starts the shooting starts ,['towelie']
566947,1060716073026060298, .Weissest ,The insurrection would have looked for violence and occupation. Jan 6 people walked in the whitehouse and walked out within a few hours.,['towelie']
566948,1060716130194436228, ChiefEagly , ,
566949,1060716138025209956, 1THC ,Yes the Jews got him,['6soup']
566950,1060716142043353148, towelie ,in america thats what we call standing your ground. not sure where your from but we have guns here,['  Razvaluha  ']
566951,1060716149710520360, towelie ,and rights,
566952,1060716229645578290, Razvaluha ,not in minneapolis apparently,['towelie']
566953,1060716244447281233, Swolsby ,no one took notes from the koreans from 1992 riots,['towelie']
566954,1060716272804962314, 6soup ,Is that Dave Chapelle,['ChiefEagly']
566955,1060716288441331752, bubu ,I stand corrected. I can t find much to suggest otherwise. It just needs those voted in to agree,['wildboarz']
566956,1060716319160422460, ChiefEagly , yes ,['6soup']
566957,1060716339880271942, .Weissest ,If you want an Insurrection I point to CHAZ.,
566958,1060716419068739664, LevissimusRyan ,That s cause Minnesota has no stand your ground law lmao,['  Razvaluha  ']
566959,1060716433119658064, elrizzabeth ,Ok don t hate me for this but what is an insurrection,
566960,1060716440711348266, towelie ,your martyr was weak and died from a knee to his back after swallowing fetnyl but not until after he punched a pregnant lady in the stomach and then went to buy shit from the corner store with a fake 20 and his drug dealer in the car,['  Razvaluha  ']
566961,1060716455815020584, AOTnoob , ,
566962,1060716455869562961, 6soup ,What s he being whipped for,
566963,1060716486039195699, Razvaluha ,a black man gets shot so we burn down our own neighborhoods,
566964,1060716522550595605, .Weissest ,CHAZ claimed many blocks of government property. They were ready to craft a breakoff nation.,
566965,1060716526166102027, bubu ,a violent uprising against an authority or government,['elrizzabeth']
566966,1060716550182674452, 1THC ,MANY SUCH CASES,['  Razvaluha  ']
566967,1060716580499103754, elrizzabeth ,Thank you,['      bubu']
566968,1060716602766667827, AOTnoob ,would u eat this cup cake ,
566969,1060716657372307617, elrizzabeth ,Is it my toilet ,['AOTnoob']
566970,1060716664091586664, LevissimusRyan ,Cut off the bottom eat the rest,['AOTnoob']
566971,1060716670802464788, Razvaluha ,...,['AOTnoob']
566972,1060716676540284968, 6soup ,That s not chocolate on top,
566973,1060716693267165234, Swolsby ,,
566974,1060716724636360704, LevissimusRyan , xdd ,['Swolsby']
566975,1060716748682317936, ChiefEagly ,still not worth an extrajudicial death sentence.,['towelie']
566976,1060716750829789264, AOTnoob ,yes,['elrizzabeth']
566977,1060716764272533595, Razvaluha ,do brown cupcakes matter,
566978,1060716783071408229, elrizzabeth ,Then yes,
566979,1060716791845892126, 1THC ,If it s your toilet I m eating it,['elrizzabeth']
566980,1060716793909489855, 6soup ,No,['  Razvaluha  ']
566981,1060716800398073896, AOTnoob , pepeevil ,
566982,1060716804026155148, elrizzabeth ,Unless it s poop,
566983,1060716834938163220, elrizzabeth ,Right looks clean,['1THC']
566984,1060716854282289263, towelie ,no one killed him. swallowing pills all at once is sewer shit,['ChiefEagly']
566985,1060716877321617419, mushu ,gross,
566986,1060716913342287962, towelie , ,
566987,1060716926617260053, AOTnoob , FeelsStrongMan ,
566988,1060716929251299448, desperate enuf , ,['AOTnoob']
566989,1060716953611808809, TheTriggered ,Would you consider the 2008 coup de tat against the previous pro Russia Ukrainian government where pro NATO leadership was installed to be an insurrection ,['      bubu']
566990,1060716955998363790, hate2doit , ,
566991,1060716988479049748, hate2doit ,rip,
566992,1060717015561678868, towelie ,The martyr of blm was a failed pornstar,
566993,1060717041591525517, towelie ,who punched pregnant women in the stomach,
566994,1060717049971740692, bubu ,Does it fit the definition ,['TheTriggered']
566995,1060717078983757936, Rowow , yes ,['      bubu']
566996,1060717135183237221, bubu ,Then sure,
566997,1060717136290525326, towelie ,but yeah trumps such a bad guy,
566998,1060717149179613376, dink ,Hello beautiful people,
566999,1060717152606359572, 1THC ,,
567000,1060717153487171614, towelie ,gtfo out of here retards,
567001,1060717180775317546, Razvaluha ,the shithole known as ukraine,
567002,1060717188702539886, TheTriggered ,Yes,
567003,1060717195774136381, ChiefEagly ,ya and that little koombyeya experiment fell flat in what 6 weeks max yes extremes on any side is generally pretty bad.,['.Weissest']
567004,1060717280599740496, TheTriggered ,But people like to ignore that western forces three the first punch in the current conflict,
567005,1060717288736690186, Rowow ,cringe how american media only reported about ukraine years into the situation and the people think they know enough to make a judgement about the situation,
567006,1060717327391408258, dink ,I m so glad I m uninformed on the Ukraine Russia war.,
567007,1060717348572639403, Rowow ,npc,
567008,1060717351005339678, towelie ,they dont even remember crimera you expect too much,['Rowow']
567009,1060717381447585792, elrizzabeth ,Me too kekw ,['dink']
567010,1060717384329068634, TheTriggered ,Wouldn t be a thing if CIA backed forces didn t overthrow the government by force,
567011,1060717396110884894, Razvaluha ,basically just stalingrad 2.0,['dink']
567012,1060717427207442473, 1THC ,,
567013,1060717499236229252, Finalwoes ,sick hair bro,
567014,1060717516227358770, LevissimusRyan ,,['1THC']
567015,1060717543146401982, towelie ,,
567016,1060717555527991316, chromeowl ,,
567017,1060717598897086515, TheTriggered ,Ukraine dammed up the Crimean peninsulas main water source. They are rationing water there.,
567018,1060717629779755028, 1THC ,Thanks,[' Finalwoes ']
567019,1060717716157243474, towelie ,The left will defend criminals convicted sexual offenders and still ask where trumps taxes are,
567020,1060717801368715394, bubu ,The NPC mentality is to support a side without thinking about the other. You know exactly what Towelie is going to think of a situation before he even says anything because it s written clearer what his side is and what he must say and post,
567021,1060717803126145054, Finalwoes ,lmao,['Levissimus Ryan ']
567022,1060717818066251936, dink ,My roommate just put the ground beef in the drawer instead of the fridge,
567023,1060717824894586971, Finalwoes ,masterpiece of a montage,
567024,1060717853403258951, dink ,I feel like he just took salvia,
567025,1060717873963745331, towelie ,at least mention me and not try to slip it by be a man... with balls,['      bubu']
567026,1060717993388159066, towelie ,this is coming from someone who doesn t get the choice to vote,['      bubu']
567027,1060718099084615801, bubu ,I put your name. Sorry I missed the towelie,['towelie']
567028,1060718101752205433, ChiefEagly ,well we all have them now and it looks to a lot of people like some tax fraud shit.,['towelie']
567029,1060718121016635483, towelie ,yes better,['      bubu']
567030,1060718151379193927, bubu ,The NPC mentality is to support a side without thinking about the other. You know exactly what towelie is going to think of a situation before he even says anything because it s written clearer what his side is and what he must say and post,['towelie']
567031,1060718203942228030, towelie ,you said this,['      bubu']
567032,1060718253128818708, bubu ,It s worth repeating,
567033,1060718264986108075, dink ,Can y all just be homies,
567034,1060718298620248145, 6soup ,Probably not,
567035,1060718326373941308, dink ,Ugh,
567036,1060718348171751495, dink ,Men are so immature,
567037,1060718445064355851, NickJ , CANADA VS CZECHIA IN VC IIHF WORLD JUNIORS GOLD MEDAL ,
567038,1060718492816511066, bubu ,I can be chill with Towelie but I ll call out dumb when dumbs seen. Just as I hope you point it out to me,
567039,1060718526689718313, AOTnoob ,anyone want this cupcake for free,
567040,1060718603839741972, towelie ,and still the left cares more about taxes to defend people who were sex offenders during a protest trying to burn a gas station down and convict a 17 yr old who was defending himself for his life and with an excellent shot. that was my point the left is fueld with anger and then deflects as if the right has the anger yet their the ones looking to protest about anything and everything they can by manipulating the story,['ChiefEagly']
567041,1060718650480394262, bubu ,hiding away from subjects isn t healthy,
567042,1060718710123413615, towelie ,you forgot the mention again,['      bubu']
567043,1060718769552498738, bubu ,I m talking about you not too you,
567044,1060718777915945112, bubu ,calm down,
567045,1060718807955542026, CAPT T. FRAUD ,Got a drop on a flexing nogga,
567046,1060718811629760683, towelie ,thats why i said tag me like a man with balls,['      bubu']
567047,1060718816180580473, towelie , kekw ,
567048,1060718819326312498, CAPT T. FRAUD ,He from Tennessee,
567049,1060718848669659216, LevissimusRyan ,Sure mail it over,['AOTnoob']
567050,1060718849944715364, towelie ,bitches talk about someone,
567051,1060718861667799090, towelie ,talk to me,
567052,1060718864884834394, bubu ,Toxic,
567053,1060718871578935327, towelie ,im right here,
567054,1060718884023443477, towelie ,love you,
567055,1060719068929339392, Dashie ,Sing with me sing for the year,
567056,1060719100919292084, elrizzabeth ,Sing for the tears,['Dashie']
567057,1060719131638382622, Razvaluha ,seeing supposed boob pics,['towelie']
567058,1060719137925636126, Dashie , ,
567059,1060719190199251084, towelie ,your a bitch,['  Razvaluha  ']
567060,1060719207806947348, towelie ,you re ,
567061,1060719224500265010, towelie ,inb4 the correction,
567062,1060719228044456066, Swolsby ,dashie is the biggest cuck on the server,
567063,1060719231282458644, elrizzabeth ,I think it s digit,['towelie']
567064,1060719241734664332, Razvaluha ,you dug yourself in a hole,['towelie']
567065,1060719245706657834, Swolsby , LOL ,
567066,1060719246767820830, towelie ,i think its a cunt,
567067,1060719257731743774, TheTriggered , bubu non BRICS aligned natipns and their citizens are almost required to be against Russia regardless of that being what the TV tells them.,['      bubu']
567068,1060719289558110259, elrizzabeth ,Me too me too,['towelie']
567069,1060719356675371078, 1THC , lizzi Trump2024 ,
567070,1060719391655866388, bubu ,I have no idea what your talking about,['TheTriggered']
567071,1060719429417177189, TheTriggered ,Last time there was a multipolar world we had major conflict,
567072,1060719435494739990, elrizzabeth ,I support this message,['1THC']
567073,1060719459934945310, Dashie ,I walk the line,
567074,1060719470106120264, 1THC , trumpsalute ,['elrizzabeth']
567075,1060719474652745748, towelie ,its a nobody giggles ,['elrizzabeth']
567076,1060719481120370849, ChiefEagly ,you defending a 17yo open carrying an AR on the streets. A gun that by law he was not allowed to carry that sounds a lot like defending a criminal to me.,['towelie']
567077,1060719481145532487, TheTriggered , bubu Last time there was multiple global powers we had world ward,['      bubu']
567078,1060719500972019802, elrizzabeth ,It s an alt,
567079,1060719501362077736, Dashie , ,
567080,1060719550259282000, towelie ,Correct. he was proven innocent douchebag,['ChiefEagly']
567081,1060719583666900992, TheTriggered ,Can t justify supporting Russia without being in favor of potentiality global conflict,
567082,1060719625022738472, 1THC ,KYLE RITTENHOUSE DID NOTHING WRONG,
567083,1060719642127106058, Razvaluha ,show us the boobs,['towelie']
567084,1060719659625746522, towelie ,ban,['  Razvaluha  ']
567085,1060719667565564005, elrizzabeth ,Can I get an AMEN,['1THC']
567086,1060719700570542120, bubu ,What is a world ward,['TheTriggered']
567087,1060719704957779988, Razvaluha ,you have the boobs pics,['towelie']
567088,1060719710150336532, TheTriggered ,Criminal Show us the conviction ,['ChiefEagly']
567089,1060719725606342728, towelie ,ban x2,['  Razvaluha  ']
567090,1060719725702807642, Hmmy ,Do you know what this is ,
567091,1060719747932626984, LevissimusRyan ,Underage ban,['  Razvaluha  ']
567092,1060719755796951080, Razvaluha ,proof or cuck,['towelie']
567093,1060719770548322406, TheTriggered , bubu a typo but you know what I meant,['      bubu']
567094,1060719780941803701, elrizzabeth ,No but I wanna know,['H mmy']
567095,1060719784712482906, towelie ,a broken cock ring,['H mmy']
567096,1060719821567836161, 1THC ,A Cheeto puff,['H mmy']
567097,1060719823199412287, elrizzabeth ,It looks like a jelly fish,
567098,1060719823383974000, The Sleazy Car Salesman ,I think Kyle was acting in self defense and the innocent verdict was justified but he was a F king idiot for being in that situation in the first place,
567099,1060719840198926366, LevissimusRyan ,Special jellybean,['H mmy']
567100,1060719859903766619, bubu ,I don t really. I was trying to find the comical side,['TheTriggered']
567101,1060719868799897631, mik ,,['1THC']
567102,1060719912739426374, towelie ,he didnt seem that smart but hell of a fucking shot,['The Sleazy Car Salesman']
567103,1060719936714059826, Dashie ,Kyle rittenhouse shouldn t have been in that situation at all but who cares the people that died were p words and criminals,
567104,1060719957551358042, ChiefEagly ,just because you re found not guilty doesn t mean you re completely innocent either.,['TheTriggered']
567105,1060719977293955122, bubu ,Bro he played GTA tho so he MUST be a murderer,['The Sleazy Car Salesman']
567106,1060720006402429010, mik ,not guilty on all counts,['ChiefEagly']
567107,1060720020121985144, TheTriggered , ChiefEagly yes it does.at least in the USA,['ChiefEagly']
567108,1060720020616904716, mik ,completely innocent,
567109,1060720048404172800, towelie ,saved us tax payers money,['Dashie']
567110,1060720052426506310, LevissimusRyan , wat ,['ChiefEagly']
567111,1060720081765666877, elrizzabeth ,Tf,
567112,1060720100631642152, TheTriggered ,Anything short or conviction means innocence,
567113,1060720104196821033, mik ,,
567114,1060720142297866260, towelie ,its literally the meaning,['ChiefEagly']
567115,1060720157049229382, TheTriggered ,Here we are innocent until proven guilty,
567116,1060720189643178105, Hmmy ,It s actually an egg filled with babies from a sand snail on the beach,['elrizzabeth']
567117,1060720208060354591, towelie ,tell em trigger,
567118,1060720219670200331, elrizzabeth ,Awwwwwwww,['H mmy']
567119,1060720249172922448, NickJ ,GOAAAAAAAAAAAAAAAAAAAAAAAAAl,
567120,1060720249181315194, Hmmy ,Basically a snails nut,['elrizzabeth']
567121,1060720261923614770, The Sleazy Car Salesman ,like if you didn t want to get quickscoped you shouldn t have charged at him trying to beat him up. I think everyone was an idiot for being in that situation. So yes I think kyle was an idiot but not guilty of murder. That was self defense.,
567122,1060720264192733204, mik ,,
567123,1060720271687950387, NickJ ,LETS FUCKING GOOOOOOOOOO,
567124,1060720292688838748, bubu ,He was a bit of a stupid kid who put himself into a bad situation. But it was self defense. He was proven innocent. You can t really argue with that.,
567125,1060720299101925518, .Weissest ,Some of the Kyle situation was dumb. The FBI agent was taking two photos and trying to combine them in to one. So the agent added thousands of pixels to the photo.,
567126,1060720369981464597, elrizzabeth ,What a little chad,
567127,1060720452869300274, ChiefEagly ,how come erry one else had guns but he was the only one to shoot during all that hmm ,
567128,1060720482850189352, towelie ,show me your guns,['      bubu']
567129,1060720492442566727, TheTriggered ,The only thing that would ve gotten Kyle caught up was if he had a pistol instead of rifle likely,
567130,1060720538680573992, mik ,hearing boomers try to argue over pixels in court when not even being able to get the video up and running was ridiculous,['.Weissest']
567131,1060720554908319875, bubu ,What does that have to do with anything,['towelie']
567132,1060720575129059438, towelie ,everything,['      bubu']
567133,1060720583148572712, towelie , kekw ,
567134,1060720604375945359, TheTriggered , ChiefEagly because he was being attacked and was in fear for his life and had the willpower to take a life,['ChiefEagly']
567135,1060720622671511723, 1THC ,Show me your bomber,['towelie']
567136,1060720642154037358, ChiefEagly ,what gave him the right to violate the law that says he can t carry a rifle except for hunting and target practice ,
567137,1060720649741541489, towelie ,its an opinion based on living in a country where guns are a right,['      bubu']
567138,1060720685531529267, towelie ,fuel is too expensive sorry,['1THC']
567139,1060720699980918814, TheTriggered ,What law is that ,['ChiefEagly']
567140,1060720709795590284, Razvaluha ,not today fbi,['towelie']
567141,1060720718385512519, .Weissest ,So they rendered the photo on a specific sized screen. Then they put that photo on a large flat screen. This flat screen is adding more pixels.,['mik']
567142,1060720756792762429, bubu ,I literally said he was innocent and he was just in a bad place at a bad time.,['towelie']
567143,1060720760626360472, towelie ,God gave him the right. It says it in the bill of rights.,['ChiefEagly']
567144,1060720789697085472, TheTriggered ,Lol that law if it s real would be in direct contradiction to the constitution,
567145,1060720796663816222, 1THC ,I miss the days of 1.20 avgas,['towelie']
567146,1060720827210932285, mik ,i know and they also ran to it through a video editor to enhance it adding pixels that were never there,['.Weissest']
567147,1060720846689292369, Swolsby , ,['1THC']
567148,1060720847876259911, ChiefEagly ,I m not defending the sex offender that dumb fuck did stupid ass shit to a guy with a rifle. but the guy with the rifle shouldn t have had it and clearly couldn t handle himself with it.,
567149,1060720852641005679, Razvaluha ,let s go brandon,['1THC']
567150,1060720904306430083, towelie , Second Amendment A well regulated Militia being necessary to the security of a free State the right of the people to keep and bear Arms shall not be infringed. Fuck you britts we dumped that tea for good reason. get rekt,
567151,1060720986040840202, elrizzabeth , ,
567152,1060721046157803630, towelie ,The Second Amendment protects our God given right to keep and bear arms and these rights shall not be infringed upon like many states have attempted to do.,['ChiefEagly']
567153,1060721078621712384, LevissimusRyan ,Stfu,
567154,1060721105691746414, bubu ,Why are you coping I literally said it was self defense ,['towelie']
567155,1060721110112551042, LevissimusRyan , ChiefEagly,['ChiefEagly']
567156,1060721119927210005, TheTriggered ,Emphasis on phrasing,
567157,1060721122875813948, SnoopDOGGE ,ghost guns are an amazing an invention,
567158,1060721127460188190, ChiefEagly ,and courts have consistantly found that certain limitations and restrictions are acceptable and legal including age limits on carrying when and where.,
567159,1060721153720717313, TheTriggered ,The constitution does not grant rights,
567160,1060721158204428409, CAPT T. FRAUD ,,
567161,1060721158292525116, towelie , ree ,['      bubu']
567162,1060721161652158494, TheTriggered ,God does,
567163,1060721176663568475, 1THC ,My wife won t let me buy a pet alligator sadge ,
567164,1060721183349284905, SnoopDOGGE ,who knew that in 2023 you could open a gun factory right in your very home,
567165,1060721185438060574, towelie ,exactly,['TheTriggered']
567166,1060721191314276442, towelie ,he knows,
567167,1060721196058030131, towelie ,damn,
567168,1060721226009550858, elrizzabeth ,I would ve,['1THC']
567169,1060721234293301329, towelie ,might be the smartest thing triggered has said,
567170,1060721275070328853, 1THC ,Really pogU ,['elrizzabeth']
567171,1060721275397480458, CAPT T. FRAUD ,Idgaf what the court says it s my duty as a citizen to carry doesn t matter if I m 12 or 60,['ChiefEagly']
567172,1060721277742096505, .Weissest ,This pixel adding was taking a PREDICTION of what the entire scene would have looked like on that one specific frame. The worst part is that this didn t change anything about the case.,['mik']
567173,1060721293034536970, elrizzabeth ,Those are rights you re born with,
567174,1060721299116281966, mik ,,
567175,1060721330355449866, elrizzabeth ,I want a Savannah monitor too,['1THC']
567176,1060721364161531974, elrizzabeth ,They re crazy,
567177,1060721375620374548, towelie ,this still was the best court case to ever watch even over johnny depp judge was so based,['mik']
567178,1060721386571698196, 1THC ,I want an albino croc,['elrizzabeth']
567179,1060721401977389177, ChiefEagly ,and its a complete fuckwit of an argument to leash yourself to a arguably very poorly worded or understood amendment written in the heyday of checks notes flint lock muskets.,
567180,1060721434952990862, elrizzabeth ,Where would you put it,['1THC']
567181,1060721451889606777, mik ,,['towelie']
567182,1060721467072979076, 1THC ,The bathtub,['elrizzabeth']
567183,1060721469274992690, dariene ,yes it was,['Calibre39']
567184,1060721514028220492, CAPT T. FRAUD ,Bayonets and muskets were worse than modern rifled,
567185,1060721516934856764, ScottieRippen ,it s a sad day when towelie agrees with where my meth triggered,
567186,1060721532109865010, towelie ,the best was his phgone going off,
567187,1060721534399959062, Chet ,American Brains really think the founding fathers were channeling the word of God ,['TheTriggered']
567188,1060721543384158238, CAPT T. FRAUD ,PUttinf a golf ball size hole through a nogga,
567189,1060721553559527514, CAPT T. FRAUD ,I like that,
567190,1060721561058943057, NickJ ,,
567191,1060721580524720198, .Weissest ,That judge had to yell at the lawyers a few times.,
567192,1060721580629569556, TheTriggered ,I add in with lots of useful info you all just never listen,['towelie']
567193,1060721622660681798, LevissimusRyan ,Check again cannons were allowed too and a cannon will do a fuckload more damage than an AR,['ChiefEagly']
567194,1060721634035630120, towelie ,The notion of God given rights shouldn t be controversial. It is a bedrock of the American creed written into the Declaration of Independence.,['Chet']
567195,1060721695633191052, TheTriggered ,Barely get 5 words out before someone interrupts usually,
567196,1060721701341638736, CAPT T. FRAUD ,Those muh muskets are fgts,['Levissimus Ryan ']
567197,1060721716097204324, mik ,,['.Weissest']
567198,1060721728067752077, elrizzabeth ,I m gonna steal the Declaration of Independence,
567199,1060721736213069927, towelie ,It s preamble says of course that all men are endowed by their Creator with certain unalienable Rights that among these are Life Liberty and the pursuit of Happiness. ,['Chet']
567200,1060721765342531614, 1THC ,Let s do it together,['elrizzabeth']
567201,1060721789849841704, RighteousandWrath22 ,I write my name in cursive sometimes for fun. It s become my signature move.,
567202,1060721804727033946, elrizzabeth ,Ok I ll be yer sidekick,['1THC']
567203,1060721831583154266, towelie ,John F. Kennedy said the same revolutionary beliefs for which our forbears fought are still at issue around the globe the belief that the rights of man come not from the generosity of the state but from the hand of God. ,['Chet']
567204,1060721836742164480, 1THC , pogU ,['elrizzabeth']
567205,1060721853636816896, CAPT T. FRAUD ,That s called a signature,['RighteousandWrath22']
567206,1060721875006803978, CAPT T. FRAUD , kekw ,
567207,1060721908355694642, elrizzabeth , kekw ,
567208,1060721936541437983, ChiefEagly ,it s not a god given right not according to the government thats handled in the first amendment. It is a constitutional right that has been refined by the legislatures and the courts over the last 270 years.,['towelie']
567209,1060721978530615409, towelie ,The Bill of Rights puts flesh on the bones of those unalienable rights of life and liberty and numbers the right of the people to keep and bear Arms among them.,['ChiefEagly']
567210,1060721982624243732, dariene , elrizzabeth are gonna be roommates and we re livestreaming our lives,['elrizzabeth']
567211,1060722012361867265, elrizzabeth ,Yes,['dariene']
567212,1060722060814458920, elrizzabeth ,It s gonna be legit,
567213,1060722081039384686, ChiefEagly ,you re gonna get one shot at a mob with a cannon.,['Levissimus Ryan ']
567214,1060722108809887805, .Weissest ,Some want to blame the judge for being a boomer. But explanations can be simplified and broken down. Even in to the most basic understandings.,
567215,1060722141210878092, Chet ,Sure those are pretty basic non controversial ideas. But the right to bear arms is not an obvious extensions of those tenets. Thus the need for an amendment.,['towelie']
567216,1060722176824721509, towelie ,John Adams said in his defense of one of the British soldiers charged in the Boston Massacre in 1770 self defense was the primary canon in the law of nature. ,['Chet']
567217,1060722191957770240, CAPT T. FRAUD ,This nigga don t know what grape shots is,
567218,1060722220500000768, towelie ,Owning a gun is an extension of this law of nature and has been recognized as such for a very long time in Anglo America. The right to bear arms had deep roots in England and predated the Constitution on these shores.,['Chet']
567219,1060722255904112743, dariene ,oh we re doing first and second amendments again,
567220,1060722281564868638, Fuckboy ,You have just given mik a reputation point ,['mik']
567221,1060722293707395172, dariene , peepoExit ,
567222,1060722306013470730, Chet ,Are you copy and pasting responses ,
567223,1060722313001177118, elrizzabeth ,I like the smart talks,
567224,1060722319087128606, towelie ,british people trying to tell us about our rights,['dariene']
567225,1060722328570441758, towelie ,AGAIN,
567226,1060722334744461344, .Weissest ,You know what. Take my rep Mik. I like that video.,
567227,1060722340910075954, RighteousandWrath22 ,My doctor told me I m going deaf. That news was hard to hear.,
567228,1060722346362675311, CAPT T. FRAUD ,There should be no restrictions on firearms let everyone own a gun,
567229,1060722346878586880, TheTriggered ,It s one of the often unspoken threats by the American left wing assault on religion that our rights are inalienable and granted to us by a higher power. If they take away that higher power then there is no longer a basis for our rights and they can take them at will.,['towelie']
567230,1060722350594740314, Fuckboy ,You have just given leash a reputation point ,['leash']
567231,1060722368969969725, CAPT T. FRAUD ,Kids felons idgaf,
567232,1060722370861609000, Chet ,No way you re actually typing a response that quickly,
567233,1060722385449386064, leash ,All the tea Dump it.,
567234,1060722396090335284, CAPT T. FRAUD ,Let them have auto,
567235,1060722396262305813, LevissimusRyan ,ok pull up ,['ChiefEagly']
567236,1060722397851951114, mik ,tyty,
567237,1060722402398568548, Fuckboy ,You have just given mik a reputation point ,['mik']
567238,1060722409877012480, towelie ,the Virginia Constitution in 1776 Thomas Jefferson wrote No freeman shall ever be debarred the use of arms. ,
567239,1060722414478184489, Fuckboy ,You have just given elrizzabeth a reputation point ,['elrizzabeth']
567240,1060722429049180160, elrizzabeth ,Tyty,
567241,1060722473735303249, Fuckboy ,You need to wait 2 hours 59 minutes 5 seconds until you can give reputation again ,
567242,1060722475467550720, CAPT T. FRAUD ,That includes felons free my niggas,['towelie']
567243,1060722481301831760, towelie ,i aint go no tea sis,['leash']
567244,1060722495277252738, elrizzabeth , sadcatangry ,
567245,1060722505712680960, ChiefEagly ,and on many occasions the federal courts up tho the supreme court have supported infringements.,['towelie']
567246,1060722538424045690, towelie ,felons are not free,['CAPT T. FRAUD']
567247,1060722546128986173, leash , ,['towelie']
567248,1060722561815679107, towelie ,theyre convicted felons,
567249,1060722579121389668, towelie ,hence the word convicted,
567250,1060722593960828999, RighteousandWrath22 ,Baking dropped the laundry basket. She was mad because I just stood there and watched it unfold.,
567251,1060722636033904681, ChiefEagly ,a 1776 cannon you derp.,['Levissimus Ryan ']
567252,1060722647945723994, CAPT T. FRAUD ,Once they re out of prison they should get their rights back,
567253,1060722662609014834, TheTriggered ,If the citizenry had the same mentality as they did in 1776 we would have already insurrected,['ChiefEagly']
567254,1060722667180785765, CAPT T. FRAUD ,They are no longer locked up,
567255,1060722677414899735, CAPT T. FRAUD ,They did their crime,
567256,1060722691251904522, CAPT T. FRAUD ,They did their time,
567257,1060722701750243359, towelie ,Guns make it possible for Americans to defend themselves and to defend their liberties.,
567258,1060722729868873780, mik , ,
567259,1060722744494403665, TheTriggered ,Not all felons go to prison,
567260,1060722761644908585, towelie ,theyre convicted felons. They had their chance to appeal,['CAPT T. FRAUD']
567261,1060722762743808070, LevissimusRyan ,Line em up the cannons shrapnel shot ez clap,['ChiefEagly']
567262,1060722775200890950, 1THC ,Not if they committed a violent crime,['CAPT T. FRAUD']
567263,1060722827084447754, TheTriggered ,And felons can regain their rights,
567264,1060722863738458132, Chet ,Bro the government has tanks missiles drones jets nukes etc.,
567265,1060722871942524988, CAPT T. FRAUD ,It s a pain,['TheTriggered']
567266,1060722879513243740, leash ,You get it.,['mik']
567267,1060722893572559010, TheTriggered ,5 years after the end of probation for class C,
567268,1060722913654866003, towelie ,Alexander Hamilton wrote in The Federalist of the importance of the original right of self defense which is paramount to all positive forms of government. This right can be used if necessary per Hamilton against the usurpations of the national rulers. ,
567269,1060722961507700806, CAPT T. FRAUD ,Yes and then they went to jail and did their time no reason to not allow them to own firearms,['towelie']
567270,1060722980856004618, leash ,Is this coming from Experience ,['TheTriggered']
567271,1060722984572174356, TheTriggered ,I would ve been eligible in 3 years for expungement,
567272,1060723040327041134, towelie ,im all for shipping them to the UK,['CAPT T. FRAUD']
567273,1060723060300320869, towelie ,pull a reverse australia,
567274,1060723081150206053, TheTriggered ,Elaborate ,['CAPT T. FRAUD']
567275,1060723104294371348, TheTriggered ,All felons ,
567276,1060723110682304542, RighteousandWrath22 ,You know what the difference is between a well dressed man on a bicycle and a well dressed man on a unicycle is Attire.,
567277,1060723117477077023, CAPT T. FRAUD ,Yeah,
567278,1060723156765130944, TheTriggered ,I agree with you though my opinion is biased,
567279,1060723187442266263, LevissimusRyan ,What s this grave hag doing there,
567280,1060723197504405645, ThickGary Dell Abate G.E.D. ,not a felon gang,
567281,1060723231797026927, towelie ,wheres nancy,['Levissimus Ryan ']
567282,1060723237098627172, CAPT T. FRAUD ,Listen if your felony is bad enough you shouldn t get out,
567283,1060723278584492152, CAPT T. FRAUD ,Almost everything is a felony nowadays,
567284,1060723280035725312, TheTriggered ,However the only form of slavery still legal in America is the forced labor of the incarcerated,
567285,1060723291247083670, towelie ,correct should be murdered in the prison with the others,['CAPT T. FRAUD']
567286,1060723294682234920, elrizzabeth ,This is true,['CAPT T. FRAUD']
567287,1060723337199886386, LevissimusRyan ,Why is nancy,['towelie']
567288,1060723337904525385, ChiefEagly ,assault on religion whens the last time the feds shut down a legit church burned scripture Religion is assaulting democracy by preaching politics at the pulpit. Scamming tax revenue under the guise of a church.,['TheTriggered']
567289,1060723345160675348, ThickGary Dell Abate G.E.D. ,people on deathrow should be able to fight for their lives,
567290,1060723362650935316, ThickGary Dell Abate G.E.D. ,it would be the biggest ever ppv,
567291,1060723375254814792, elrizzabeth ,Yes,[' ThickGary Dell Abate G.E.D.']
567292,1060723402563924018, CAPT T. FRAUD ,They shouldn t go to prison we need death penalty back,['towelie']
567293,1060723404325519380, ThickGary Dell Abate G.E.D. ,let them train,
567294,1060723429348753458, ThickGary Dell Abate G.E.D. ,do a whole year build up,
567295,1060723435271098378, elrizzabeth ,The winners get to have the last meal,
567296,1060723447543644220, CAPT T. FRAUD ,There s like 3 million niggas in US in prison,
567297,1060723479353249842, elrizzabeth ,We can half that,
567298,1060723479986589829, RighteousandWrath22 ,IN THE NAME OF ROME,[' ThickGary Dell Abate G.E.D.']
567299,1060723479994970143, ThickGary Dell Abate G.E.D. ,the winner gets freedom,
567300,1060723490140991549, elrizzabeth ,With this idea,
567301,1060723500605767690, towelie , save taxes. problem is the corrupt justice system and 10 years later new dna proves it wasnt them,['CAPT T. FRAUD']
567302,1060723504695218351, ChiefEagly ,and to shoot up their schools...wait.,['towelie']
567303,1060723512471457934, CAPT T. FRAUD ,If we bring back death penalty we can drop that down,
567304,1060723517865349200, TheTriggered ,The assault on religion is the constant attempt to separate religion from government,['ChiefEagly']
567305,1060723538702647346, ThickGary Dell Abate G.E.D. ,VICTORY,['RighteousandWrath22']
567306,1060723567337164900, elrizzabeth ,Oh good lort kekw ,['towelie']
567307,1060723596441440336, ThickGary Dell Abate G.E.D. ,anyway dont steal my idea,
567308,1060723605593403502, towelie ,or run around with a knife on a train or city where cops only have sticks,['ChiefEagly']
567309,1060723610144223322, CAPT T. FRAUD ,When was WaCo again ,['ChiefEagly']
567310,1060723624560042074, ThickGary Dell Abate G.E.D. ,im going to pitch it to dana white,
567311,1060723653479759932, Fuckboy ,Shazee s balance is 8 378 843 WSBux,
567312,1060723658064142346, elrizzabeth ,Waco ,['CAPT T. FRAUD']
567313,1060723677911580672, LevissimusRyan ,And that s when you execute the prosecutor coolpepe ,['towelie']
567314,1060723698073612348, CAPT T. FRAUD ,Yes,['elrizzabeth']
567315,1060723719091269823, elrizzabeth ,David,
567316,1060723723319120013, towelie ,yo so whats tomorrows date ,['Levissimus Ryan ']
567317,1060723730994696304, Fuckboy , nyx Evo Takes s balance is 5 603 080 WSBux,
567318,1060723747369263185, CAPT T. FRAUD ,My Carmel or whatever,
567319,1060723778373550150, TheTriggered ,Removing God from government removes the very basis of our unalienable rights enshrined in the constitution,
567320,1060723780135161929, LevissimusRyan ,January 7th,['towelie']
567321,1060723784153317426, elrizzabeth , facepalm ,
567322,1060723787592646756, ChiefEagly ,IT IS SUPPOSED TO BE SEPERATE YOU DUMB SHIT EATING MONKEY ,['TheTriggered']
567323,1060723812460675102, hate2doit ,we already made this movie,[' ThickGary Dell Abate G.E.D.']
567324,1060723831565713509, LevissimusRyan , towelie,['towelie']
567325,1060723836074606675, towelie ,i forgot this joke wouldnt work with you,['Levissimus Ryan ']
567326,1060723849651560468, nyx , Shazee wanna roll 2mill ,['Shazee']
567327,1060723860368015390, TheTriggered ,If there is no God then we have no rights,
567328,1060723862729396324, CAPT T. FRAUD ,Yes and no,['TheTriggered']
567329,1060723888746668123, TheTriggered ,Only what little the government allows,
567330,1060723900163575948, ThickGary Dell Abate G.E.D. ,yeah but irl would be better,['hate2doit']
567331,1060723919482531850, CAPT T. FRAUD ,Our rights are from divine intervention,
567332,1060723938046521365, towelie ,EVERYONE PICK UP A BIBLE AND JOIN ME,['TheTriggered']
567333,1060723954370752643, Chet ,Death penalty ends up costing the gov more money than life in prison. The trials and appeals are much more expensive.,
567334,1060723980044095568, towelie ,WERE FINDING GOD,
567335,1060723986432016435, towelie ,LETS GO,
567336,1060723986650112051, elrizzabeth ,THE WORD IS MY SWORD,
567337,1060724004375248946, towelie ,CHRIST IS LORD,
567338,1060724009265795092, towelie ,CHRIST,
567339,1060724011727859713, towelie ,IS,
567340,1060724015368507522, towelie ,LORD,
567341,1060724036486828032, .Weissest ,Wait,
567342,1060724037107601468, CAPT T. FRAUD , ,['Chet']
567343,1060724037111775292, ThickGary Dell Abate G.E.D. ,keeping people in prison for life is a financial mistake,
567344,1060724039754194956, LevissimusRyan ,Then don t let them appeal lmao,['Chet']
567345,1060724046314078229, .Weissest ,I like Jesus,
567346,1060724050869104731, ThickGary Dell Abate G.E.D. ,let them fight for their life,
567347,1060724068111876117, CAPT T. FRAUD ,This,['Levissimus Ryan ']
567348,1060724070259359774, towelie ,Our Father,
567349,1060724081298776134, towelie ,Who Art in heaven,
567350,1060724087867048047, elrizzabeth ,This is so fun LOL ,['.Weissest']
567351,1060724088626229299, ThickGary Dell Abate G.E.D. ,its expensive to feed a prisoner for 365 days,
567352,1060724091260260463, ChiefEagly ,you mean the guy who poured the gasoline on the kids and lit the hay bails in the house on fire ya I think he probably shouldn t have had access to guns.,['CAPT T. FRAUD']
567353,1060724124621746267, elrizzabeth ,Hallowed be thy name,
567354,1060724143168954529, towelie ,thy kingdom come,
567355,1060724162483736616, CAPT T. FRAUD ,HAHAH THIS NIGGA THINKS THE ATF DIDNT DO IT,['ChiefEagly']
567356,1060724185250418799, .Weissest ,Jesus is a real one. He always there for me.,
567357,1060724188391952446, towelie ,they will be done,
567358,1060724190526836746, CAPT T. FRAUD ,NO WAY,
567359,1060724193752264754, elrizzabeth ,I know the whole thing but I don t wanna be cringe,
567360,1060724203436908615, elrizzabeth , kekw ,
567361,1060724223242412062, nyx ,Thy will be done on earth,
567362,1060724234889986058, towelie ,on earth as it is in heaven,
567363,1060724261276368946, towelie ,give us this day our daily bread,
567364,1060724271065862144, mushu ,Getting insider trading tips,['Levissimus Ryan ']
567365,1060724307573080076, nyx ,Thy kingdom come,
567366,1060724313331863552, towelie ,you re going against the word of god by calling it cringe,['elrizzabeth']
567367,1060724344491360317, elrizzabeth , weirdkekw ,['towelie']
567368,1060724348735995974, dariene ,and forgive those who trespass against us,
567369,1060724353970470912, nyx ,Amen.,
567370,1060724381300563988, TheTriggered ,Depends on where. Of they are in a state that requires them to work they end up doing something like license plate manufacturing. Inmates provide labor and are not a complete burden.,[' ThickGary Dell Abate G.E.D.']
567371,1060724389546561536, towelie ,and lead us not into tempation,
567372,1060724401022193725, CAPT T. FRAUD ,Forgive when they 6 below nigga,['dariene']
567373,1060724415773560893, ChiefEagly ,you fuckers are way too easy.,
567374,1060724420399878324, TheTriggered ,If they are in a state that will make them work,
567375,1060724440759029830, ChiefEagly ,jesus H loving christ.,
567376,1060724470697951314, nyx ,By into thy ever lasting life.,
567377,1060724472769945700, RighteousandWrath22 ,Baking got a new dress and told me to zip it. I didn t say anything though.,
567378,1060724473453613116, elrizzabeth ,You re stupid,['ChiefEagly']
567379,1060724474120511649, LevissimusRyan ,Onze Vader die in de hemelen zijt ,
567380,1060724488511168583, towelie ,but deliver us from evil,
567381,1060724491635925032, towelie ,amen,
567382,1060724493208801371, LevissimusRyan ,uw naam worde geheiligd ,
567383,1060724516302618684, LevissimusRyan ,uw Koninkrijk kome ,
567384,1060724533486694442, LevissimusRyan ,uw wil geschiede ,
567385,1060724537836175481, elrizzabeth ,For thine is the kingdom,
567386,1060724549357928589, LevissimusRyan ,gelijk in de hemel alsook op aarde.,
567387,1060724554529513543, CAPT T. FRAUD ,Bro what in the kraut is this,
567388,1060724556278538301, mik ,,
567389,1060724571793264710, CAPT T. FRAUD ,Shut up fritz,
567390,1060724572653109308, LevissimusRyan ,Geef ons heden ons dagelijks brood ,
567391,1060724593389740163, jenna ,and the glory,
567392,1060724595335905301, towelie ,did you break the zipper ,['RighteousandWrath22']
567393,1060724596254449694, LevissimusRyan ,en vergeef ons onze schulden ,
567394,1060724616349352036, LevissimusRyan ,gelijk ook wij vergeven onze schuldenaren ,
567395,1060724620380094586, dariene ,and lead us not into temptation,
567396,1060724632849748019, ChiefEagly ,don t you have some dicks to suck or something ,['elrizzabeth']
567397,1060724635118878740, LevissimusRyan ,en leid ons niet in verzoeking ,
567398,1060724650985930872, nyx ,Levi stop,
567399,1060724656136532079, LevissimusRyan ,maar verlos ons van den boze.,
567400,1060724660737671218, elrizzabeth ,Don t you ,['ChiefEagly']
567401,1060724661387804752, nyx , REEEE ,
567402,1060724675912663200, LevissimusRyan ,Want van U is het Koninkrijk de kracht en de heerlijkheid,
567403,1060724692283043932, LevissimusRyan ,tot in der eeuwigheid.,
567404,1060724705008558171, LevissimusRyan ,Amen.,
567405,1060724716454826104, LevissimusRyan , exit ,
567406,1060724720472952872, elrizzabeth ,Idk what ryan said,
567407,1060724720795914400, dariene ,nos et haec,
567408,1060724730056954037, CAPT T. FRAUD ,Is this Ebonics,
567409,1060724748901957643, ChiefEagly ,I have a dick to get sucked but not by your mouth.,['elrizzabeth']
567410,1060724750365765754, dariene ,tua donne qua,
567411,1060724754375508059, Griff ,even worse,
567412,1060724765247144006, Griff ,it s Dutch,
567413,1060724765263925258, mik ,dead for eternity ,['Levissimus Ryan ']
567414,1060724767562407996, NickJ ,these fuckers cant even agree on quitting,['mik']
567415,1060724786868789249, Griff , kekw ,
567416,1060724792031969331, elrizzabeth ,Ewwwww,['ChiefEagly']
567417,1060724821304033321, CAPT T. FRAUD ,Isn t that s what it s called when I fart under the covers ,['Griff']
567418,1060724821731835954, dariene ,pour christum nostrum,
567419,1060724832767053885, .Weissest ,Jesus is a real one. Ask Jesus for something.,['elrizzabeth']
567420,1060724837909282857, ChiefEagly ,I said no.,['elrizzabeth']
567421,1060724844330758154, LevissimusRyan ,Dutch translation of pater noster,['elrizzabeth']
567422,1060724881576173648, NickJ ,dariene watched 2 episodes of Yellowstone n thinks shes a cowgirl now lmao,
567423,1060724887083307190, elrizzabeth ,Ty trumpsalute ,
567424,1060724914459512933, dariene ,correct,['NickJ']
567425,1060724947334463558, dariene ,4 szns ,
567426,1060725025138815018, NickJ ,and naturally you love beth the mentally unwell one,['dariene']
567427,1060725045028200499, Chet , ,
567428,1060725065802580039, mushu ,,
567429,1060725075470458930, CAPT T. FRAUD ,I watched 1866 1928 Yellowstone and the other one,
567430,1060725080562339860, elrizzabeth ,I dislike Beth. She s an idiot.,
567431,1060725099143123047, ThickGary Dell Abate G.E.D. ,i mean have you had mentally unwell sex,
567432,1060725108190220360, ThickGary Dell Abate G.E.D. ,its actually the best,
567433,1060725108815175811, CAPT T. FRAUD ,Beth a bitch,
567434,1060725125021970452, CAPT T. FRAUD ,Me and my nigga rip,
567435,1060725141291679826, NickJ ,She was cool at first.. now she s a horrible character,['elrizzabeth']
567436,1060725153790689413, nyx ,Reminds me of seth and beth,
567437,1060725177807274034, CAPT T. FRAUD , ,
567438,1060725185029885962, elrizzabeth ,Idk why rip liked her at all,['NickJ']
567439,1060725236410105996, NickJ ,mommy issues,['elrizzabeth']
567440,1060725242248581211, CAPT T. FRAUD ,He is not the brightest,['elrizzabeth']
567441,1060725246962962452, LevissimusRyan ,It s a continuation of the sentence before For thine is the Kingdom the power and the glory. For ever and ever. ,['mik']
567442,1060725276469891262, jenna ,I kinda relate to Beth ngl. Like sometimes people just need put in their places kekw ,
567443,1060725312134066236, mik ,eeuwigheid evighet,
567444,1060725346414117004, elrizzabeth ,She s just so much her energy sucks everything out of the room,
567445,1060725346841940060, dariene , elrizzabeth,['elrizzabeth']
567446,1060725348133773462, CAPT T. FRAUD ,I m like Beth because I like alchoholhol,['jenna     ']
567447,1060725352248377464, LevissimusRyan ,Dutch oven xdd ,['CAPT T. FRAUD']
567448,1060725353687023689, NickJ ,worst character is monica tho,
567449,1060725386494869524, NickJ ,shes either crying or in the hospital,
567450,1060725399933423707, elrizzabeth ,Nah should be panties,['dariene']
567451,1060725407017611354, NickJ ,nothing in between,
567452,1060725436738437160, LevissimusRyan ,yee,['mik']
567453,1060725498642169926, jenna ,I also dated a guy that looked so much like Rip that my iPhone tagged a screenshot from Yellowstone as him,
567454,1060725501125197834, dariene ,i love Rip,['NickJ']
567455,1060725562047483914, NickJ ,ok,['dariene']
567456,1060725575041421393, leash ,oh so when it comes to adjourning the republicans can finally come together on something,
567457,1060725601071267840, dariene , ,
567458,1060725642154491914, mik ,not so fast,['leash']
567459,1060725652329857025, LevissimusRyan , xdd ,['leash']
567460,1060725658558414909, NickJ ,I only like the horses n cows,
567461,1060725700635672696, NickJ ,the wolves too,
567462,1060725715139567657, leash ,finally 218,['mik']
567463,1060725769946529852, Dashie , cozypepe ,
567464,1060725847209812058, Griff ,paying attention to politics would drive a man to drink,
567465,1060725899475046560, leash ,hows the whiskey,['Griff']
567466,1060725915702804603, LevissimusRyan ,PAying would too,['Griff']
567467,1060725919683186818, elrizzabeth ,Almost every dude in Texas looks like this kekw ,['jenna     ']
567468,1060725937265713172, NickJ ,easier to watch hockey,['Griff']
